{
  "difficulty": "hard",
  "numGames": 10000,
  "boardSize": 10,
  "baseSeed": 42,
  "avgTurns": 45.0955,
  "avgAccuracy": 39.332741216571,
  "percentiles": {
    "p25": 38,
    "p50": 45,
    "p75": 51,
    "p95": 62,
    "p99": 67
  },
  "minTurns": 21,
  "maxTurns": 71,
  "center4HitPct": 64.91,
  "cornerHitPct": 15.6025,
  "edgeHitPct": 37.7875,
  "interiorHitPct": 50.592812499999994,
  "cellPct": [
    [
      17.41,
      31.56,
      41.04,
      39.910000000000004,
      44.39,
      43.36,
      39.33,
      39.89,
      30.259999999999998,
      15.8
    ],
    [
      30.59,
      50.39,
      46.150000000000006,
      47.33,
      54.21,
      54.06999999999999,
      46.58,
      45.32,
      51.29,
      30.220000000000002
    ],
    [
      40.81,
      46.33,
      54.6,
      56.220000000000006,
      47.03,
      46.550000000000004,
      55.44,
      54.669999999999995,
      45.26,
      39.77
    ],
    [
      39.47,
      45.67,
      55.64,
      58.650000000000006,
      44.4,
      43.07,
      59.050000000000004,
      55.730000000000004,
      46.300000000000004,
      38.03
    ],
    [
      43.769999999999996,
      54.190000000000005,
      46.67,
      43.96,
      64.8,
      64.9,
      43.62,
      46.300000000000004,
      53.97,
      43.36
    ],
    [
      43.25,
      52.65,
      47.349999999999994,
      43.580000000000005,
      64.32,
      65.62,
      42.49,
      46.04,
      52.459999999999994,
      43.08
    ],
    [
      37.84,
      45.989999999999995,
      56.169999999999995,
      59.72,
      42.65,
      41.85,
      60.86,
      55.54,
      45.24,
      36.89
    ],
    [
      39.629999999999995,
      44.28,
      53.879999999999995,
      56.18,
      46.85,
      45.7,
      55.55,
      53.910000000000004,
      43.61,
      38.47
    ],
    [
      28.07,
      50.28,
      44.68,
      45.86,
      53.72,
      53.849999999999994,
      44.11,
      43.830000000000005,
      50.760000000000005,
      27.900000000000002
    ],
    [
      14.979999999999999,
      29.18,
      40.39,
      38.12,
      44.26,
      42.79,
      37.64,
      38.37,
      27.560000000000002,
      14.219999999999999
    ]
  ]
}