{
  "difficulty": "easy",
  "numGames": 10000,
  "boardSize": 10,
  "baseSeed": 42,
  "avgTurns": 69.968,
  "avgAccuracy": 25.782904940617357,
  "percentiles": {
    "p25": 58,
    "p50": 70,
    "p75": 82,
    "p95": 95,
    "p99": 99
  },
  "minTurns": 25,
  "maxTurns": 100,
  "center4HitPct": 73.2175,
  "cornerHitPct": 65.0925,
  "edgeHitPct": 68.239375,
  "interiorHitPct": 71.13703125,
  "cellPct": [
    [
      66.52,
      67.47999999999999,
      68.82000000000001,
      69.69,
      69.95,
      69.13,
      69.64,
      67.53,
      67.72,
      64.33
    ],
    [
      67.45,
      68.78,
      70.46,
      71.1,
      70.92,
      70.99,
      70.99,
      69.32000000000001,
      68.87,
      66.38
    ],
    [
      68.12,
      69.5,
      71.37,
      71.07,
      71.57,
      71.73,
      71.7,
      70.38,
      69.62,
      67.99
    ],
    [
      69.19999999999999,
      70.71,
      71.67999999999999,
      72.33000000000001,
      71.78,
      72.48,
      72,
      71.21,
      70.39,
      68.74
    ],
    [
      69.17999999999999,
      71.02000000000001,
      72.13000000000001,
      72.16,
      73.6,
      72.5,
      71.15,
      72.28999999999999,
      71.00999999999999,
      69.37
    ],
    [
      68.94,
      71.26,
      71.25,
      73.1,
      73.1,
      73.67,
      72.74000000000001,
      72.1,
      69.78999999999999,
      69.1
    ],
    [
      69.03,
      70.27,
      72.17,
      72.37,
      72.85000000000001,
      73.13,
      72.1,
      71.59,
      69.65,
      68.06
    ],
    [
      67.85,
      69.61,
      70.72,
      71.83,
      71.67999999999999,
      71.44,
      70.78999999999999,
      70.59,
      69,
      67.67999999999999
    ],
    [
      66.28,
      68.43,
      69.33,
      70.6,
      71.43,
      71.45,
      70.25,
      69.37,
      68.30000000000001,
      66.16
    ],
    [
      64.66,
      66.31,
      67.67999999999999,
      68.87,
      69.58,
      69.69999999999999,
      68.15,
      66.93,
      66.95,
      64.86
    ]
  ]
}