{
  "difficulty": "medium",
  "numGames": 10000,
  "boardSize": 10,
  "baseSeed": 42,
  "avgTurns": 58.0702,
  "avgAccuracy": 31.085632169020283,
  "percentiles": {
    "p25": 48,
    "p50": 57,
    "p75": 67,
    "p95": 84,
    "p99": 93
  },
  "minTurns": 20,
  "maxTurns": 100,
  "center4HitPct": 62.737500000000004,
  "cornerHitPct": 54.4975,
  "edgeHitPct": 55.24249999999999,
  "interiorHitPct": 59.707343750000014,
  "cellPct": [
    [
      65.41,
      43.7,
      62.260000000000005,
      51.449999999999996,
      65.61,
      46.82,
      66.11,
      45.35,
      63.160000000000004,
      45.23
    ],
    [
      44.629999999999995,
      62.5,
      52.17,
      67.66,
      51.06,
      67.82000000000001,
      49.980000000000004,
      65.11,
      51.449999999999996,
      60.22
    ],
    [
      61.919999999999995,
      52.839999999999996,
      67.64,
      51.03,
      69.6,
      51.949999999999996,
      67.38,
      53.18000000000001,
      63.870000000000005,
      45.26
    ],
    [
      51.629999999999995,
      66.94,
      51.790000000000006,
      70.67999999999999,
      53.010000000000005,
      69.23,
      55.58,
      65.73,
      48.83,
      67.67
    ],
    [
      65.64,
      50.42,
      69.43,
      53.1,
      69.77,
      57.63,
      67.30000000000001,
      51.01,
      70.15,
      46.63
    ],
    [
      47.55,
      68.63,
      51.49,
      69.14,
      56.330000000000005,
      67.22,
      52.86,
      71.02000000000001,
      49.669999999999995,
      62.07
    ],
    [
      66.49000000000001,
      50.17,
      68.07,
      55.92,
      66.5,
      53.059999999999995,
      71.03,
      50.39,
      64.39,
      49.6
    ],
    [
      44.86,
      66.73,
      53.5,
      66.10000000000001,
      51.94,
      70.85000000000001,
      51.17,
      64.37,
      51.01,
      63.23
    ],
    [
      62.370000000000005,
      49.88,
      63.88,
      50.3,
      70.39,
      49.830000000000005,
      64.47,
      50.839999999999996,
      64.28,
      41.42
    ],
    [
      44.67,
      60.870000000000005,
      45.22,
      68.21000000000001,
      47.39,
      63.629999999999995,
      50.54,
      63.81,
      42.44,
      62.68
    ]
  ]
}